Age_Group,Total_Pop,Poverty_Count,Poverty_Percent,Private_Count,Private_Percent,Public_Count,Public_Percent,Uninsured_Count,Uninsured_Percent
18 and under,7260,1902,26.2,4082,50.85,3870,53.400000000000006,221,2.1500000000000004
19-34,6396,928,14.5,3983,68.95,986,15.850000000000001,1155,18.35
35-64,12066,1141,9.5,8216,68.06666666666666,2207,18.366666666666667,2226,18.433333333333334
65+,4723,625,13.2,2557,54.650000000000006,4571,97,48,0.9000000000000001
